<?xml version="1.0" encoding="UTF-8"?>
<beans xmlns="http://www.springframework.org/schema/beans"
	xmlns:xsi="http://www.w3.org/2001/XMLSchema-instance"
	xmlns:p="http://www.springframework.org/schema/p"
	xmlns:context="http://www.springframework.org/schema/context"
	xmlns:mvc="http://www.springframework.org/schema/mvc"
	xsi:schemaLocation="http://www.springframework.org/schema/beans http://www.springframework.org/schema/beans/spring-beans-4.0.xsd
                http://www.springframework.org/schema/context http://www.springframework.org/schema/context/spring-context-4.0.xsd
                http://www.springframework.org/schema/mvc http://www.springframework.org/schema/mvc/spring-mvc-4.0.xsd">

	<context:component-scan
		base-package="egovframework">
		<context:include-filter type="annotation"
			expression="org.springframework.stereotype.Controller" />
		<context:exclude-filter type="annotation"
			expression="org.springframework.stereotype.Service" />
		<context:exclude-filter type="annotation"
			expression="org.springframework.stereotype.Repository" />
	</context:component-scan>

	<bean id="viewResolver"
		class="org.springframework.web.servlet.view.InternalResourceViewResolver">
		<property name="prefix" value="/WEB-INF/project/"></property>
		<property name="suffix" value=".jsp"></property>
	</bean>

	<bean id="messageSource"
		class="org.springframework.context.support.ResourceBundleMessageSource">
		<property name="basenames">
			<list>
				<value>egovframework.message.message-notice</value>
				<value>egovframework.message.message-inquiry</value>
				<value>egovframework.message.message-ext-msg</value>
			</list>
		</property>
	</bean>

	<mvc:annotation-driven></mvc:annotation-driven>

	<bean id="localeResolver"
		class="org.springframework.web.servlet.i18n.SessionLocaleResolver"></bean>

	<mvc:interceptors>
		<bean
			class="org.springframework.web.servlet.i18n.LocaleChangeInterceptor">
			<property name="paramName" value="lang" />
		</bean>
	</mvc:interceptors>

	<!-- 파일 업로드 설정 -->
	<bean id="multipartResolver"
		class="org.springframework.web.multipart.commons.CommonsMultipartResolver">
		<property name="maxUploadSize" value="100000000" />
		<property name="maxInMemorySize" value="100000000" />
	</bean>

</beans>

