<?xml version="1.0" encoding="UTF-8"?>
<beans xmlns="http://www.springframework.org/schema/beans"
	xmlns:xsi="http://www.w3.org/2001/XMLSchema-instance"
	xsi:schemaLocation="http://www.springframework.org/schema/beans http://www.springframework.org/schema/beans/spring-beans.xsd">

	<bean id="sqlSessionFactory"
		class="org.mybatis.spring.SqlSessionFactoryBean">
		<property name="dataSource" ref="dataSource"></property>
		<property name="configLocation"
			value="classpath:/egovframework/sqlmap/sql-mapper-config.xml" />
		<property name="mapperLocations"
			value="classpath:/egovframework/sqlmap/mapper/*_SQL.xml"></property>
	</bean>


	<bean id="sqlSessionTemplate"
		class="org.mybatis.spring.SqlSessionTemplate">
		<constructor-arg index="0" ref="sqlSessionFactory" />
		<constructor-arg index="1" value="BATCH" />
	</bean>

	<bean class="org.mybatis.spring.mapper.MapperScannerConfigurer">
		<property name="basePackage"
			value="egovframework.project.service.impl" />
		<property name="sqlSessionFactoryBeanName"
			value="sqlSessionFactory" />
	</bean>

</beans>